feature,importance
孕妇BMI,0.18850130888923772
18号染色体的Z值,0.15180825263385866
GC含量,0.13207818963565665
21号染色体的Z值,0.12376259108936039
重复读段的比例,0.1113645926506344
在参考基因组上比对的比例,0.1011469856410661
X染色体的Z值,0.0996624916501896
13号染色体的Z值,0.0916755878099965
