{
  "coefficients": {
    "const": 0.13272245136042232,
    "孕周": 0.0012306505619318901,
    "BMI": -0.0012949692238790065,
    "年龄": -0.0009251916505872604
  },
  "r_squared": 0.048446843051186406,
  "adj_r_squared": 0.045011633098302584,
  "mse": 0.0008936916499541545,
  "residual_std": 0.02989467594663228,
  "f_value": 14.103022439870387,
  "f_pvalue": 5.670219857196036e-09,
  "n_obs": 835,
  "df_model": 3,
  "df_resid": 831
}